;category_en;category_cn;subtitle_en;subtitle_cn;title_en;title_cn;content_en;content_cn;source;classification;avater;list
0;usa;欧美;The American yong model;美国嫩模-席琳.法拉奇;Celine Farach (2);席琳.法拉奇 (2);The American yong model;美国嫩模-席琳.法拉奇;ins;normal;![58950172_959955340879691_4101038296246085543_n](https://user-images.githubusercontent.com/43483189/82148988-edf32b00-9855-11ea-884a-dec28aa2abc3.jpg);![14276546_1121416404579534_154283022_n](https://user-images.githubusercontent.com/43483189/81599192-a63d5100-93c8-11ea-9496-bb889b0d2bef.jpg)
1;usa;欧美;The American yong model;美国嫩模-席琳.法拉奇;Celine Farach (2);席琳.法拉奇 (2);The American yong model;美国嫩模-席琳.法拉奇;ins;normal;![58950172_959955340879691_4101038296246085543_n](https://user-images.githubusercontent.com/43483189/82148988-edf32b00-9855-11ea-884a-dec28aa2abc3.jpg);![14287958_1074326599347290_920230750_n](https://user-images.githubusercontent.com/43483189/81599194-a6d5e780-93c8-11ea-82e9-c1f9f34594d2.jpg)
2;usa;欧美;The American yong model;美国嫩模-席琳.法拉奇;Celine Farach (2);席琳.法拉奇 (2);The American yong model;美国嫩模-席琳.法拉奇;ins;normal;![58950172_959955340879691_4101038296246085543_n](https://user-images.githubusercontent.com/43483189/82148988-edf32b00-9855-11ea-884a-dec28aa2abc3.jpg);![14309919_661147837381797_8667491582422810624_n](https://user-images.githubusercontent.com/43483189/81599195-a6d5e780-93c8-11ea-8330-444434386fbd.jpg)
3;usa;欧美;The American yong model;美国嫩模-席琳.法拉奇;Celine Farach (2);席琳.法拉奇 (2);The American yong model;美国嫩模-席琳.法拉奇;ins;normal;![58950172_959955340879691_4101038296246085543_n](https://user-images.githubusercontent.com/43483189/82148988-edf32b00-9855-11ea-884a-dec28aa2abc3.jpg);![14350528_589021724617819_9220145412608884736_n](https://user-images.githubusercontent.com/43483189/81599196-a76e7e00-93c8-11ea-803f-814abcceabfc.jpg)
4;usa;欧美;The American yong model;美国嫩模-席琳.法拉奇;Celine Farach (2);席琳.法拉奇 (2);The American yong model;美国嫩模-席琳.法拉奇;ins;normal;![58950172_959955340879691_4101038296246085543_n](https://user-images.githubusercontent.com/43483189/82148988-edf32b00-9855-11ea-884a-dec28aa2abc3.jpg);![14360006_1798428453713886_1834875756_n](https://user-images.githubusercontent.com/43483189/81599198-a76e7e00-93c8-11ea-80c9-faa9772b5fe7.jpg)
5;usa;欧美;The American yong model;美国嫩模-席琳.法拉奇;Celine Farach (2);席琳.法拉奇 (2);The American yong model;美国嫩模-席琳.法拉奇;ins;normal;![58950172_959955340879691_4101038296246085543_n](https://user-images.githubusercontent.com/43483189/82148988-edf32b00-9855-11ea-884a-dec28aa2abc3.jpg);![14374451_893843444081939_507139924311408640_n](https://user-images.githubusercontent.com/43483189/81599200-a8071480-93c8-11ea-829f-a96110d8c41b.jpg)
6;usa;欧美;The American yong model;美国嫩模-席琳.法拉奇;Celine Farach (2);席琳.法拉奇 (2);The American yong model;美国嫩模-席琳.法拉奇;ins;normal;![58950172_959955340879691_4101038296246085543_n](https://user-images.githubusercontent.com/43483189/82148988-edf32b00-9855-11ea-884a-dec28aa2abc3.jpg);![14487402_782990661840659_3581255495043776512_n](https://user-images.githubusercontent.com/43483189/81599202-a8071480-93c8-11ea-85f5-11bcfde693b0.jpg)
7;usa;欧美;The American yong model;美国嫩模-席琳.法拉奇;Celine Farach (2);席琳.法拉奇 (2);The American yong model;美国嫩模-席琳.法拉奇;ins;normal;![58950172_959955340879691_4101038296246085543_n](https://user-images.githubusercontent.com/43483189/82148988-edf32b00-9855-11ea-884a-dec28aa2abc3.jpg);![14498941_1856298557926521_6249071712239878144_n](https://user-images.githubusercontent.com/43483189/81599205-a89fab00-93c8-11ea-9ff1-1116dd92edc6.jpg)
8;usa;欧美;The American yong model;美国嫩模-席琳.法拉奇;Celine Farach (2);席琳.法拉奇 (2);The American yong model;美国嫩模-席琳.法拉奇;ins;normal;![58950172_959955340879691_4101038296246085543_n](https://user-images.githubusercontent.com/43483189/82148988-edf32b00-9855-11ea-884a-dec28aa2abc3.jpg);![14515785_1165919200136280_8388607274150526976_n](https://user-images.githubusercontent.com/43483189/81599207-a89fab00-93c8-11ea-918d-fbb3a80529d5.jpg)
9;usa;欧美;The American yong model;美国嫩模-席琳.法拉奇;Celine Farach (2);席琳.法拉奇 (2);The American yong model;美国嫩模-席琳.法拉奇;ins;normal;![58950172_959955340879691_4101038296246085543_n](https://user-images.githubusercontent.com/43483189/82148988-edf32b00-9855-11ea-884a-dec28aa2abc3.jpg);![14533610_365323460465972_1031268690546393088_n](https://user-images.githubusercontent.com/43483189/81599208-a9384180-93c8-11ea-8687-ea58d5434068.jpg)
10;usa;欧美;The American yong model;美国嫩模-席琳.法拉奇;Celine Farach (2);席琳.法拉奇 (2);The American yong model;美国嫩模-席琳.法拉奇;ins;normal;![58950172_959955340879691_4101038296246085543_n](https://user-images.githubusercontent.com/43483189/82148988-edf32b00-9855-11ea-884a-dec28aa2abc3.jpg);![14547735_267304600330108_4934087016947122176_n](https://user-images.githubusercontent.com/43483189/81599209-a9384180-93c8-11ea-9cb9-1a0d7be71c82.jpg)
11;usa;欧美;The American yong model;美国嫩模-席琳.法拉奇;Celine Farach (2);席琳.法拉奇 (2);The American yong model;美国嫩模-席琳.法拉奇;ins;normal;![58950172_959955340879691_4101038296246085543_n](https://user-images.githubusercontent.com/43483189/82148988-edf32b00-9855-11ea-884a-dec28aa2abc3.jpg);![14583481_261217770982235_7178161176604311552_n](https://user-images.githubusercontent.com/43483189/81599210-a9384180-93c8-11ea-91c5-5adc06feb86f.jpg)
12;usa;欧美;The American yong model;美国嫩模-席琳.法拉奇;Celine Farach (2);席琳.法拉奇 (2);The American yong model;美国嫩模-席琳.法拉奇;ins;normal;![58950172_959955340879691_4101038296246085543_n](https://user-images.githubusercontent.com/43483189/82148988-edf32b00-9855-11ea-884a-dec28aa2abc3.jpg);![14716558_356075511393060_6123924594391777280_n](https://user-images.githubusercontent.com/43483189/81599211-a9d0d800-93c8-11ea-9fc3-ed5f333c7af1.jpg)
13;usa;欧美;The American yong model;美国嫩模-席琳.法拉奇;Celine Farach (2);席琳.法拉奇 (2);The American yong model;美国嫩模-席琳.法拉奇;ins;normal;![58950172_959955340879691_4101038296246085543_n](https://user-images.githubusercontent.com/43483189/82148988-edf32b00-9855-11ea-884a-dec28aa2abc3.jpg);![14717632_199028063873439_3016050615072587776_n](https://user-images.githubusercontent.com/43483189/81599216-a9d0d800-93c8-11ea-9315-f6642fc8b488.jpg)
14;usa;欧美;The American yong model;美国嫩模-席琳.法拉奇;Celine Farach (2);席琳.法拉奇 (2);The American yong model;美国嫩模-席琳.法拉奇;ins;normal;![58950172_959955340879691_4101038296246085543_n](https://user-images.githubusercontent.com/43483189/82148988-edf32b00-9855-11ea-884a-dec28aa2abc3.jpg);![15403506_1734521100196737_7318421159085604864_n](https://user-images.githubusercontent.com/43483189/81599218-aa696e80-93c8-11ea-80c2-e49e7b24a581.jpg)
15;usa;欧美;The American yong model;美国嫩模-席琳.法拉奇;Celine Farach (2);席琳.法拉奇 (2);The American yong model;美国嫩模-席琳.法拉奇;ins;normal;![58950172_959955340879691_4101038296246085543_n](https://user-images.githubusercontent.com/43483189/82148988-edf32b00-9855-11ea-884a-dec28aa2abc3.jpg);![15403535_559084340950818_6084594638264467456_n](https://user-images.githubusercontent.com/43483189/81599220-aa696e80-93c8-11ea-8bc0-309c289c63ac.jpg)
16;usa;欧美;The American yong model;美国嫩模-席琳.法拉奇;Celine Farach (2);席琳.法拉奇 (2);The American yong model;美国嫩模-席琳.法拉奇;ins;normal;![58950172_959955340879691_4101038296246085543_n](https://user-images.githubusercontent.com/43483189/82148988-edf32b00-9855-11ea-884a-dec28aa2abc3.jpg);![15624876_1708759856103865_1056494373505597440_n](https://user-images.githubusercontent.com/43483189/81599222-ab020500-93c8-11ea-9296-e4862996e97b.jpg)
17;usa;欧美;The American yong model;美国嫩模-席琳.法拉奇;Celine Farach (2);席琳.法拉奇 (2);The American yong model;美国嫩模-席琳.法拉奇;ins;normal;![58950172_959955340879691_4101038296246085543_n](https://user-images.githubusercontent.com/43483189/82148988-edf32b00-9855-11ea-884a-dec28aa2abc3.jpg);![16111053_802291409909739_5552478319485648896_n](https://user-images.githubusercontent.com/43483189/81599223-ab020500-93c8-11ea-9c52-246d98aca3b9.jpg)
18;usa;欧美;The American yong model;美国嫩模-席琳.法拉奇;Celine Farach (2);席琳.法拉奇 (2);The American yong model;美国嫩模-席琳.法拉奇;ins;normal;![58950172_959955340879691_4101038296246085543_n](https://user-images.githubusercontent.com/43483189/82148988-edf32b00-9855-11ea-884a-dec28aa2abc3.jpg);![16123507_218266855303200_3827529572631445504_n](https://user-images.githubusercontent.com/43483189/81599224-ab9a9b80-93c8-11ea-9cc7-73b3b21498f8.jpg)
19;usa;欧美;The American yong model;美国嫩模-席琳.法拉奇;Celine Farach (2);席琳.法拉奇 (2);The American yong model;美国嫩模-席琳.法拉奇;ins;normal;![58950172_959955340879691_4101038296246085543_n](https://user-images.githubusercontent.com/43483189/82148988-edf32b00-9855-11ea-884a-dec28aa2abc3.jpg);![16229459_267446280354900_5425587629598965760_n](https://user-images.githubusercontent.com/43483189/81599225-ab9a9b80-93c8-11ea-8b24-3767d806c8ae.jpg)
20;usa;欧美;The American yong model;美国嫩模-席琳.法拉奇;Celine Farach (2);席琳.法拉奇 (2);The American yong model;美国嫩模-席琳.法拉奇;ins;normal;![58950172_959955340879691_4101038296246085543_n](https://user-images.githubusercontent.com/43483189/82148988-edf32b00-9855-11ea-884a-dec28aa2abc3.jpg);![16230629_519089824904634_1176284198256771072_n](https://user-images.githubusercontent.com/43483189/81599226-ac333200-93c8-11ea-96c7-5885cdbb2cfd.jpg)
21;usa;欧美;The American yong model;美国嫩模-席琳.法拉奇;Celine Farach (2);席琳.法拉奇 (2);The American yong model;美国嫩模-席琳.法拉奇;ins;normal;![58950172_959955340879691_4101038296246085543_n](https://user-images.githubusercontent.com/43483189/82148988-edf32b00-9855-11ea-884a-dec28aa2abc3.jpg);![16464588_757109404439759_8401294835176177664_n](https://user-images.githubusercontent.com/43483189/81599228-ac333200-93c8-11ea-9b14-c881c78aef72.jpg)
22;usa;欧美;The American yong model;美国嫩模-席琳.法拉奇;Celine Farach (2);席琳.法拉奇 (2);The American yong model;美国嫩模-席琳.法拉奇;ins;normal;![58950172_959955340879691_4101038296246085543_n](https://user-images.githubusercontent.com/43483189/82148988-edf32b00-9855-11ea-884a-dec28aa2abc3.jpg);![16465685_346414982425328_5465252550225690624_n](https://user-images.githubusercontent.com/43483189/81599229-accbc880-93c8-11ea-92bc-a1155dc36267.jpg)
23;usa;欧美;The American yong model;美国嫩模-席琳.法拉奇;Celine Farach (2);席琳.法拉奇 (2);The American yong model;美国嫩模-席琳.法拉奇;ins;normal;![58950172_959955340879691_4101038296246085543_n](https://user-images.githubusercontent.com/43483189/82148988-edf32b00-9855-11ea-884a-dec28aa2abc3.jpg);![16583471_1817147521875518_4332140877897007104_n](https://user-images.githubusercontent.com/43483189/81599230-accbc880-93c8-11ea-8658-4978577e89e7.jpg)
24;usa;欧美;The American yong model;美国嫩模-席琳.法拉奇;Celine Farach (2);席琳.法拉奇 (2);The American yong model;美国嫩模-席琳.法拉奇;ins;normal;![58950172_959955340879691_4101038296246085543_n](https://user-images.githubusercontent.com/43483189/82148988-edf32b00-9855-11ea-884a-dec28aa2abc3.jpg);![16585235_249290772179609_6722215578834042880_n](https://user-images.githubusercontent.com/43483189/81599232-ad645f00-93c8-11ea-8509-e112e44b23c4.jpg)
25;usa;欧美;The American yong model;美国嫩模-席琳.法拉奇;Celine Farach (2);席琳.法拉奇 (2);The American yong model;美国嫩模-席琳.法拉奇;ins;normal;![58950172_959955340879691_4101038296246085543_n](https://user-images.githubusercontent.com/43483189/82148988-edf32b00-9855-11ea-884a-dec28aa2abc3.jpg);![16585531_1748969028752377_3409268219779743744_n](https://user-images.githubusercontent.com/43483189/81599233-adfcf580-93c8-11ea-9b13-0acb94066017.jpg)
26;usa;欧美;The American yong model;美国嫩模-席琳.法拉奇;Celine Farach (2);席琳.法拉奇 (2);The American yong model;美国嫩模-席琳.法拉奇;ins;normal;![58950172_959955340879691_4101038296246085543_n](https://user-images.githubusercontent.com/43483189/82148988-edf32b00-9855-11ea-884a-dec28aa2abc3.jpg);![16585606_1215274771903118_331469250734587904_n](https://user-images.githubusercontent.com/43483189/81599236-adfcf580-93c8-11ea-8030-ceb36307943e.jpg)
27;usa;欧美;The American yong model;美国嫩模-席琳.法拉奇;Celine Farach (2);席琳.法拉奇 (2);The American yong model;美国嫩模-席琳.法拉奇;ins;normal;![58950172_959955340879691_4101038296246085543_n](https://user-images.githubusercontent.com/43483189/82148988-edf32b00-9855-11ea-884a-dec28aa2abc3.jpg);![17076092_101927690341162_7628483932039675904_n](https://user-images.githubusercontent.com/43483189/81599239-adfcf580-93c8-11ea-9d3c-8fb6a63507d7.jpg)
28;usa;欧美;The American yong model;美国嫩模-席琳.法拉奇;Celine Farach (2);席琳.法拉奇 (2);The American yong model;美国嫩模-席琳.法拉奇;ins;normal;![58950172_959955340879691_4101038296246085543_n](https://user-images.githubusercontent.com/43483189/82148988-edf32b00-9855-11ea-884a-dec28aa2abc3.jpg);![17077255_395055537538918_6121874275788914688_n](https://user-images.githubusercontent.com/43483189/81599240-ae958c00-93c8-11ea-9842-f2bc182f311b.jpg)
29;usa;欧美;The American yong model;美国嫩模-席琳.法拉奇;Celine Farach (2);席琳.法拉奇 (2);The American yong model;美国嫩模-席琳.法拉奇;ins;normal;![58950172_959955340879691_4101038296246085543_n](https://user-images.githubusercontent.com/43483189/82148988-edf32b00-9855-11ea-884a-dec28aa2abc3.jpg);![17334080_116165915584716_8801616474704707584_n](https://user-images.githubusercontent.com/43483189/81599243-ae958c00-93c8-11ea-9db4-d42261d9945a.jpg)
30;usa;欧美;The American yong model;美国嫩模-席琳.法拉奇;Celine Farach (2);席琳.法拉奇 (2);The American yong model;美国嫩模-席琳.法拉奇;ins;normal;![58950172_959955340879691_4101038296246085543_n](https://user-images.githubusercontent.com/43483189/82148988-edf32b00-9855-11ea-884a-dec28aa2abc3.jpg);![17595954_756402437858630_6115846010016104448_n](https://user-images.githubusercontent.com/43483189/81599244-af2e2280-93c8-11ea-97f8-8bbd6b8f3497.jpg)
31;usa;欧美;The American yong model;美国嫩模-席琳.法拉奇;Celine Farach (2);席琳.法拉奇 (2);The American yong model;美国嫩模-席琳.法拉奇;ins;normal;![58950172_959955340879691_4101038296246085543_n](https://user-images.githubusercontent.com/43483189/82148988-edf32b00-9855-11ea-884a-dec28aa2abc3.jpg);![17934079_418822765155012_982889427304972288_n](https://user-images.githubusercontent.com/43483189/81599245-af2e2280-93c8-11ea-90e6-9b62a9085847.jpg)
32;usa;欧美;The American yong model;美国嫩模-席琳.法拉奇;Celine Farach (2);席琳.法拉奇 (2);The American yong model;美国嫩模-席琳.法拉奇;ins;normal;![58950172_959955340879691_4101038296246085543_n](https://user-images.githubusercontent.com/43483189/82148988-edf32b00-9855-11ea-884a-dec28aa2abc3.jpg);![18094753_281989595583513_4393109051060256768_n](https://user-images.githubusercontent.com/43483189/81599246-afc6b900-93c8-11ea-8beb-8c3ef96da029.jpg)
33;usa;欧美;The American yong model;美国嫩模-席琳.法拉奇;Celine Farach (2);席琳.法拉奇 (2);The American yong model;美国嫩模-席琳.法拉奇;ins;normal;![58950172_959955340879691_4101038296246085543_n](https://user-images.githubusercontent.com/43483189/82148988-edf32b00-9855-11ea-884a-dec28aa2abc3.jpg);![18161613_315195282247794_3319958394948812800_n](https://user-images.githubusercontent.com/43483189/81599248-afc6b900-93c8-11ea-9346-ad75b81bbfa3.jpg)
34;usa;欧美;The American yong model;美国嫩模-席琳.法拉奇;Celine Farach (2);席琳.法拉奇 (2);The American yong model;美国嫩模-席琳.法拉奇;ins;normal;![58950172_959955340879691_4101038296246085543_n](https://user-images.githubusercontent.com/43483189/82148988-edf32b00-9855-11ea-884a-dec28aa2abc3.jpg);![18162072_1454202311266575_9105156901733138432_n](https://user-images.githubusercontent.com/43483189/81599249-b05f4f80-93c8-11ea-9f99-96d286ad5817.jpg)
35;usa;欧美;The American yong model;美国嫩模-席琳.法拉奇;Celine Farach (2);席琳.法拉奇 (2);The American yong model;美国嫩模-席琳.法拉奇;ins;normal;![58950172_959955340879691_4101038296246085543_n](https://user-images.githubusercontent.com/43483189/82148988-edf32b00-9855-11ea-884a-dec28aa2abc3.jpg);![18162112_1244688778977015_2205577508789682176_n](https://user-images.githubusercontent.com/43483189/81599252-b05f4f80-93c8-11ea-92b7-301ac962d853.jpg)
36;usa;欧美;The American yong model;美国嫩模-席琳.法拉奇;Celine Farach (2);席琳.法拉奇 (2);The American yong model;美国嫩模-席琳.法拉奇;ins;normal;![58950172_959955340879691_4101038296246085543_n](https://user-images.githubusercontent.com/43483189/82148988-edf32b00-9855-11ea-884a-dec28aa2abc3.jpg);![18251348_1761451687498330_1485579791267528704_n](https://user-images.githubusercontent.com/43483189/81599253-b05f4f80-93c8-11ea-91bf-881617773aae.jpg)
37;usa;欧美;The American yong model;美国嫩模-席琳.法拉奇;Celine Farach (2);席琳.法拉奇 (2);The American yong model;美国嫩模-席琳.法拉奇;ins;normal;![58950172_959955340879691_4101038296246085543_n](https://user-images.githubusercontent.com/43483189/82148988-edf32b00-9855-11ea-884a-dec28aa2abc3.jpg);![18298346_1901261820111097_5386866845863116800_n](https://user-images.githubusercontent.com/43483189/81599256-b0f7e600-93c8-11ea-80f0-803863d1f009.jpg)
38;usa;欧美;The American yong model;美国嫩模-席琳.法拉奇;Celine Farach (2);席琳.法拉奇 (2);The American yong model;美国嫩模-席琳.法拉奇;ins;normal;![58950172_959955340879691_4101038296246085543_n](https://user-images.githubusercontent.com/43483189/82148988-edf32b00-9855-11ea-884a-dec28aa2abc3.jpg);![18299801_415711315466766_3639612259371581440_n](https://user-images.githubusercontent.com/43483189/81599258-b1907c80-93c8-11ea-9576-5f0bc766c0f8.jpg)
39;usa;欧美;The American yong model;美国嫩模-席琳.法拉奇;Celine Farach (2);席琳.法拉奇 (2);The American yong model;美国嫩模-席琳.法拉奇;ins;normal;![58950172_959955340879691_4101038296246085543_n](https://user-images.githubusercontent.com/43483189/82148988-edf32b00-9855-11ea-884a-dec28aa2abc3.jpg);![18381910_797381057093224_8221876716734251008_n](https://user-images.githubusercontent.com/43483189/81599260-b1907c80-93c8-11ea-9931-9b33912abbed.jpg)
40;usa;欧美;The American yong model;美国嫩模-席琳.法拉奇;Celine Farach (2);席琳.法拉奇 (2);The American yong model;美国嫩模-席琳.法拉奇;ins;normal;![58950172_959955340879691_4101038296246085543_n](https://user-images.githubusercontent.com/43483189/82148988-edf32b00-9855-11ea-884a-dec28aa2abc3.jpg);![18646589_843551652465322_9020787719516717056_n](https://user-images.githubusercontent.com/43483189/81599262-b2291300-93c8-11ea-8e87-fe320809d250.jpg)
41;usa;欧美;The American yong model;美国嫩模-席琳.法拉奇;Celine Farach (2);席琳.法拉奇 (2);The American yong model;美国嫩模-席琳.法拉奇;ins;normal;![58950172_959955340879691_4101038296246085543_n](https://user-images.githubusercontent.com/43483189/82148988-edf32b00-9855-11ea-884a-dec28aa2abc3.jpg);![18947441_347446382338152_6857875114470408192_n](https://user-images.githubusercontent.com/43483189/81599266-b2291300-93c8-11ea-9c39-c39eb1e9fb20.jpg)
42;usa;欧美;The American yong model;美国嫩模-席琳.法拉奇;Celine Farach (2);席琳.法拉奇 (2);The American yong model;美国嫩模-席琳.法拉奇;ins;normal;![58950172_959955340879691_4101038296246085543_n](https://user-images.githubusercontent.com/43483189/82148988-edf32b00-9855-11ea-884a-dec28aa2abc3.jpg);![18948150_194873907704887_1597485915784085504_n](https://user-images.githubusercontent.com/43483189/81599268-b2c1a980-93c8-11ea-8340-f7b73b2159ff.jpg)
43;usa;欧美;The American yong model;美国嫩模-席琳.法拉奇;Celine Farach (2);席琳.法拉奇 (2);The American yong model;美国嫩模-席琳.法拉奇;ins;normal;![58950172_959955340879691_4101038296246085543_n](https://user-images.githubusercontent.com/43483189/82148988-edf32b00-9855-11ea-884a-dec28aa2abc3.jpg);![19050509_991728924298767_9044222096170811392_n](https://user-images.githubusercontent.com/43483189/81599269-b2c1a980-93c8-11ea-8e0f-925ec3e69d7d.jpg)
44;usa;欧美;The American yong model;美国嫩模-席琳.法拉奇;Celine Farach (2);席琳.法拉奇 (2);The American yong model;美国嫩模-席琳.法拉奇;ins;normal;![58950172_959955340879691_4101038296246085543_n](https://user-images.githubusercontent.com/43483189/82148988-edf32b00-9855-11ea-884a-dec28aa2abc3.jpg);![19228596_1742478359383734_6570009312322650112_n](https://user-images.githubusercontent.com/43483189/81599273-b35a4000-93c8-11ea-907e-736aecc4679d.jpg)
45;usa;欧美;The American yong model;美国嫩模-席琳.法拉奇;Celine Farach (2);席琳.法拉奇 (2);The American yong model;美国嫩模-席琳.法拉奇;ins;normal;![58950172_959955340879691_4101038296246085543_n](https://user-images.githubusercontent.com/43483189/82148988-edf32b00-9855-11ea-884a-dec28aa2abc3.jpg);![19379199_271491233318390_3668710147405905920_n](https://user-images.githubusercontent.com/43483189/81599275-b35a4000-93c8-11ea-9ff4-90f782acfefe.jpg)
46;usa;欧美;The American yong model;美国嫩模-席琳.法拉奇;Celine Farach (2);席琳.法拉奇 (2);The American yong model;美国嫩模-席琳.法拉奇;ins;normal;![58950172_959955340879691_4101038296246085543_n](https://user-images.githubusercontent.com/43483189/82148988-edf32b00-9855-11ea-884a-dec28aa2abc3.jpg);![19622721_273951269679016_6360195194930855936_n](https://user-images.githubusercontent.com/43483189/81599277-b3f2d680-93c8-11ea-961b-e24a71a3f048.jpg)
47;usa;欧美;The American yong model;美国嫩模-席琳.法拉奇;Celine Farach (2);席琳.法拉奇 (2);The American yong model;美国嫩模-席琳.法拉奇;ins;normal;![58950172_959955340879691_4101038296246085543_n](https://user-images.githubusercontent.com/43483189/82148988-edf32b00-9855-11ea-884a-dec28aa2abc3.jpg);![19623015_386559018413392_3402471893595324416_n](https://user-images.githubusercontent.com/43483189/81599279-b3f2d680-93c8-11ea-8728-6d13107dec63.jpg)
48;usa;欧美;The American yong model;美国嫩模-席琳.法拉奇;Celine Farach (2);席琳.法拉奇 (2);The American yong model;美国嫩模-席琳.法拉奇;ins;normal;![58950172_959955340879691_4101038296246085543_n](https://user-images.githubusercontent.com/43483189/82148988-edf32b00-9855-11ea-884a-dec28aa2abc3.jpg);![19623715_688652931333996_186689399289806848_n](https://user-images.githubusercontent.com/43483189/81599280-b48b6d00-93c8-11ea-9682-06c334354dfb.jpg)
49;usa;欧美;The American yong model;美国嫩模-席琳.法拉奇;Celine Farach (2);席琳.法拉奇 (2);The American yong model;美国嫩模-席琳.法拉奇;ins;normal;![58950172_959955340879691_4101038296246085543_n](https://user-images.githubusercontent.com/43483189/82148988-edf32b00-9855-11ea-884a-dec28aa2abc3.jpg);![19984726_174796856394155_5376468528176037888_n](https://user-images.githubusercontent.com/43483189/81599281-b48b6d00-93c8-11ea-8705-0274a8442d4e.jpg)
50;usa;欧美;The American yong model;美国嫩模-席琳.法拉奇;Celine Farach (2);席琳.法拉奇 (2);The American yong model;美国嫩模-席琳.法拉奇;ins;normal;![58950172_959955340879691_4101038296246085543_n](https://user-images.githubusercontent.com/43483189/82148988-edf32b00-9855-11ea-884a-dec28aa2abc3.jpg);![20066792_1506171406109156_81610524722200576_n](https://user-images.githubusercontent.com/43483189/81599283-b5240380-93c8-11ea-9f29-2c374616357b.jpg)
51;usa;欧美;The American yong model;美国嫩模-席琳.法拉奇;Celine Farach (2);席琳.法拉奇 (2);The American yong model;美国嫩模-席琳.法拉奇;ins;normal;![58950172_959955340879691_4101038296246085543_n](https://user-images.githubusercontent.com/43483189/82148988-edf32b00-9855-11ea-884a-dec28aa2abc3.jpg);![20181467_482059322165582_6961579960280547328_n](https://user-images.githubusercontent.com/43483189/81599284-b5240380-93c8-11ea-94f8-279871048de2.jpg)
52;usa;欧美;The American yong model;美国嫩模-席琳.法拉奇;Celine Farach (2);席琳.法拉奇 (2);The American yong model;美国嫩模-席琳.法拉奇;ins;normal;![58950172_959955340879691_4101038296246085543_n](https://user-images.githubusercontent.com/43483189/82148988-edf32b00-9855-11ea-884a-dec28aa2abc3.jpg);![20184329_1786684514705779_4027869279931072512_n](https://user-images.githubusercontent.com/43483189/81599285-b5bc9a00-93c8-11ea-8a8a-f48f3d8c723b.jpg)
53;usa;欧美;The American yong model;美国嫩模-席琳.法拉奇;Celine Farach (2);席琳.法拉奇 (2);The American yong model;美国嫩模-席琳.法拉奇;ins;normal;![58950172_959955340879691_4101038296246085543_n](https://user-images.githubusercontent.com/43483189/82148988-edf32b00-9855-11ea-884a-dec28aa2abc3.jpg);![20225710_258129174683671_5352757104656515072_n](https://user-images.githubusercontent.com/43483189/81599286-b5bc9a00-93c8-11ea-9830-df95b3103202.jpg)
54;usa;欧美;The American yong model;美国嫩模-席琳.法拉奇;Celine Farach (2);席琳.法拉奇 (2);The American yong model;美国嫩模-席琳.法拉奇;ins;normal;![58950172_959955340879691_4101038296246085543_n](https://user-images.githubusercontent.com/43483189/82148988-edf32b00-9855-11ea-884a-dec28aa2abc3.jpg);![20225964_157320081505730_3375664765023027200_n](https://user-images.githubusercontent.com/43483189/81599288-b6553080-93c8-11ea-8327-6710e51fb55b.jpg)
55;usa;欧美;The American yong model;美国嫩模-席琳.法拉奇;Celine Farach (2);席琳.法拉奇 (2);The American yong model;美国嫩模-席琳.法拉奇;ins;normal;![58950172_959955340879691_4101038296246085543_n](https://user-images.githubusercontent.com/43483189/82148988-edf32b00-9855-11ea-884a-dec28aa2abc3.jpg);![20393522_772583182914141_15364455227457536_n](https://user-images.githubusercontent.com/43483189/81599292-b6553080-93c8-11ea-84dc-d71acf2ed1e0.jpg)
56;usa;欧美;The American yong model;美国嫩模-席琳.法拉奇;Celine Farach (2);席琳.法拉奇 (2);The American yong model;美国嫩模-席琳.法拉奇;ins;normal;![58950172_959955340879691_4101038296246085543_n](https://user-images.githubusercontent.com/43483189/82148988-edf32b00-9855-11ea-884a-dec28aa2abc3.jpg);![20394188_451640795209360_144358644002062336_n](https://user-images.githubusercontent.com/43483189/81599293-b6edc700-93c8-11ea-90eb-7126a4dd5ada.jpg)
57;usa;欧美;The American yong model;美国嫩模-席琳.法拉奇;Celine Farach (2);席琳.法拉奇 (2);The American yong model;美国嫩模-席琳.法拉奇;ins;normal;![58950172_959955340879691_4101038296246085543_n](https://user-images.githubusercontent.com/43483189/82148988-edf32b00-9855-11ea-884a-dec28aa2abc3.jpg);![20398284_110533662902306_6532968474979860480_n](https://user-images.githubusercontent.com/43483189/81599294-b6edc700-93c8-11ea-928e-bcd3f71bb254.jpg)
58;usa;欧美;The American yong model;美国嫩模-席琳.法拉奇;Celine Farach (2);席琳.法拉奇 (2);The American yong model;美国嫩模-席琳.法拉奇;ins;normal;![58950172_959955340879691_4101038296246085543_n](https://user-images.githubusercontent.com/43483189/82148988-edf32b00-9855-11ea-884a-dec28aa2abc3.jpg);![20398320_141907579726171_3351225894302646272_n](https://user-images.githubusercontent.com/43483189/81599295-b6edc700-93c8-11ea-91bc-248209938fd2.jpg)
59;usa;欧美;The American yong model;美国嫩模-席琳.法拉奇;Celine Farach (2);席琳.法拉奇 (2);The American yong model;美国嫩模-席琳.法拉奇;ins;normal;![58950172_959955340879691_4101038296246085543_n](https://user-images.githubusercontent.com/43483189/82148988-edf32b00-9855-11ea-884a-dec28aa2abc3.jpg);![20582573_106619553374855_3652968795913322496_n](https://user-images.githubusercontent.com/43483189/81599297-b7865d80-93c8-11ea-9e10-9fb6e9776f37.jpg)
60;usa;欧美;The American yong model;美国嫩模-席琳.法拉奇;Celine Farach (2);席琳.法拉奇 (2);The American yong model;美国嫩模-席琳.法拉奇;ins;normal;![58950172_959955340879691_4101038296246085543_n](https://user-images.githubusercontent.com/43483189/82148988-edf32b00-9855-11ea-884a-dec28aa2abc3.jpg);![20633567_216835632178149_8345608282081067008_n](https://user-images.githubusercontent.com/43483189/81599299-b7865d80-93c8-11ea-9e08-b36e96b2d84e.jpg)
61;usa;欧美;The American yong model;美国嫩模-席琳.法拉奇;Celine Farach (2);席琳.法拉奇 (2);The American yong model;美国嫩模-席琳.法拉奇;ins;normal;![58950172_959955340879691_4101038296246085543_n](https://user-images.githubusercontent.com/43483189/82148988-edf32b00-9855-11ea-884a-dec28aa2abc3.jpg);![20634712_134596567146865_5853594774346399744_n](https://user-images.githubusercontent.com/43483189/81599300-b81ef400-93c8-11ea-8dc9-048bc4da9aee.jpg)
62;usa;欧美;The American yong model;美国嫩模-席琳.法拉奇;Celine Farach (2);席琳.法拉奇 (2);The American yong model;美国嫩模-席琳.法拉奇;ins;normal;![58950172_959955340879691_4101038296246085543_n](https://user-images.githubusercontent.com/43483189/82148988-edf32b00-9855-11ea-884a-dec28aa2abc3.jpg);![20687897_1923124154610270_5492842754415263744_n](https://user-images.githubusercontent.com/43483189/81599302-b81ef400-93c8-11ea-873d-c037145f9925.jpg)
63;usa;欧美;The American yong model;美国嫩模-席琳.法拉奇;Celine Farach (2);席琳.法拉奇 (2);The American yong model;美国嫩模-席琳.法拉奇;ins;normal;![58950172_959955340879691_4101038296246085543_n](https://user-images.githubusercontent.com/43483189/82148988-edf32b00-9855-11ea-884a-dec28aa2abc3.jpg);![20766813_162477050987077_1177938619659190272_n](https://user-images.githubusercontent.com/43483189/81599303-b8b78a80-93c8-11ea-8a79-57cb5a21c303.jpg)
64;usa;欧美;The American yong model;美国嫩模-席琳.法拉奇;Celine Farach (2);席琳.法拉奇 (2);The American yong model;美国嫩模-席琳.法拉奇;ins;normal;![58950172_959955340879691_4101038296246085543_n](https://user-images.githubusercontent.com/43483189/82148988-edf32b00-9855-11ea-884a-dec28aa2abc3.jpg);![20902405_294640417610865_1299854152574173184_n](https://user-images.githubusercontent.com/43483189/81599304-b8b78a80-93c8-11ea-9c09-dfe9377c0f11.jpg)
65;usa;欧美;The American yong model;美国嫩模-席琳.法拉奇;Celine Farach (2);席琳.法拉奇 (2);The American yong model;美国嫩模-席琳.法拉奇;ins;normal;![58950172_959955340879691_4101038296246085543_n](https://user-images.githubusercontent.com/43483189/82148988-edf32b00-9855-11ea-884a-dec28aa2abc3.jpg);![20905208_111069172937519_6682853406157045760_n](https://user-images.githubusercontent.com/43483189/81599305-b8b78a80-93c8-11ea-94d9-59ec00308849.jpg)
66;usa;欧美;The American yong model;美国嫩模-席琳.法拉奇;Celine Farach (2);席琳.法拉奇 (2);The American yong model;美国嫩模-席琳.法拉奇;ins;normal;![58950172_959955340879691_4101038296246085543_n](https://user-images.githubusercontent.com/43483189/82148988-edf32b00-9855-11ea-884a-dec28aa2abc3.jpg);![20986940_1829970907333298_2290666050783543296_n](https://user-images.githubusercontent.com/43483189/81599307-b9e8b780-93c8-11ea-94c8-ed51ea6f398d.jpg)
67;usa;欧美;The American yong model;美国嫩模-席琳.法拉奇;Celine Farach (2);席琳.法拉奇 (2);The American yong model;美国嫩模-席琳.法拉奇;ins;normal;![58950172_959955340879691_4101038296246085543_n](https://user-images.githubusercontent.com/43483189/82148988-edf32b00-9855-11ea-884a-dec28aa2abc3.jpg);![20986993_784956928352704_4427104206834368512_n](https://user-images.githubusercontent.com/43483189/81599309-b9e8b780-93c8-11ea-8a1d-0cfe1538219f.jpg)
68;usa;欧美;The American yong model;美国嫩模-席琳.法拉奇;Celine Farach (2);席琳.法拉奇 (2);The American yong model;美国嫩模-席琳.法拉奇;ins;normal;![58950172_959955340879691_4101038296246085543_n](https://user-images.githubusercontent.com/43483189/82148988-edf32b00-9855-11ea-884a-dec28aa2abc3.jpg);![21041448_1974867659423758_8828403373981040640_n](https://user-images.githubusercontent.com/43483189/81599312-ba814e00-93c8-11ea-9183-a6cbba752815.jpg)
69;usa;欧美;The American yong model;美国嫩模-席琳.法拉奇;Celine Farach (2);席琳.法拉奇 (2);The American yong model;美国嫩模-席琳.法拉奇;ins;normal;![58950172_959955340879691_4101038296246085543_n](https://user-images.githubusercontent.com/43483189/82148988-edf32b00-9855-11ea-884a-dec28aa2abc3.jpg);![21107399_113333732717583_3358364361876832256_n](https://user-images.githubusercontent.com/43483189/81599313-bb19e480-93c8-11ea-8893-8f4b46a7e198.jpg)
70;usa;欧美;The American yong model;美国嫩模-席琳.法拉奇;Celine Farach (2);席琳.法拉奇 (2);The American yong model;美国嫩模-席琳.法拉奇;ins;normal;![58950172_959955340879691_4101038296246085543_n](https://user-images.githubusercontent.com/43483189/82148988-edf32b00-9855-11ea-884a-dec28aa2abc3.jpg);![21147374_263842694104775_3560556127793971200_n](https://user-images.githubusercontent.com/43483189/81599315-bb19e480-93c8-11ea-9fb4-88ea2439e58f.jpg)
71;usa;欧美;The American yong model;美国嫩模-席琳.法拉奇;Celine Farach (2);席琳.法拉奇 (2);The American yong model;美国嫩模-席琳.法拉奇;ins;normal;![58950172_959955340879691_4101038296246085543_n](https://user-images.githubusercontent.com/43483189/82148988-edf32b00-9855-11ea-884a-dec28aa2abc3.jpg);![21148943_728791337305974_2795910962509512704_n](https://user-images.githubusercontent.com/43483189/81599316-bbb27b00-93c8-11ea-837b-f02ed6c5de9e.jpg)
72;usa;欧美;The American yong model;美国嫩模-席琳.法拉奇;Celine Farach (2);席琳.法拉奇 (2);The American yong model;美国嫩模-席琳.法拉奇;ins;normal;![58950172_959955340879691_4101038296246085543_n](https://user-images.githubusercontent.com/43483189/82148988-edf32b00-9855-11ea-884a-dec28aa2abc3.jpg);![21149810_302961633503048_2262241738175283200_n](https://user-images.githubusercontent.com/43483189/81599317-bbb27b00-93c8-11ea-8a56-e3e25b6bc278.jpg)
73;usa;欧美;The American yong model;美国嫩模-席琳.法拉奇;Celine Farach (2);席琳.法拉奇 (2);The American yong model;美国嫩模-席琳.法拉奇;ins;normal;![58950172_959955340879691_4101038296246085543_n](https://user-images.githubusercontent.com/43483189/82148988-edf32b00-9855-11ea-884a-dec28aa2abc3.jpg);![21224305_2036784989876800_7018092027564785664_n](https://user-images.githubusercontent.com/43483189/81599318-bc4b1180-93c8-11ea-97c7-652a56c541fc.jpg)
74;usa;欧美;The American yong model;美国嫩模-席琳.法拉奇;Celine Farach (2);席琳.法拉奇 (2);The American yong model;美国嫩模-席琳.法拉奇;ins;normal;![58950172_959955340879691_4101038296246085543_n](https://user-images.githubusercontent.com/43483189/82148988-edf32b00-9855-11ea-884a-dec28aa2abc3.jpg);![21371831_1726896404282721_8423588515761094656_n](https://user-images.githubusercontent.com/43483189/81599319-bc4b1180-93c8-11ea-98dd-606a3b9a47b4.jpg)
75;usa;欧美;The American yong model;美国嫩模-席琳.法拉奇;Celine Farach (2);席琳.法拉奇 (2);The American yong model;美国嫩模-席琳.法拉奇;ins;normal;![58950172_959955340879691_4101038296246085543_n](https://user-images.githubusercontent.com/43483189/82148988-edf32b00-9855-11ea-884a-dec28aa2abc3.jpg);![21480048_1949798755279302_1345912084776353792_n](https://user-images.githubusercontent.com/43483189/81599321-bc4b1180-93c8-11ea-8a06-1ba383c8b87d.jpg)
